molecule_chembl_id,canonical_smiles,standard_value,bioactivity_class
CHEMBL4092313,N#Cc1cnn2c(NC3CC3)ccnc12,99000.0,inactive
CHEMBL4065661,CC(=O)Nc1ccc(-c2cc(NC3CC3)n3ncc(C#N)c3n2)cc1N1CC[C@@H](N(C)C)C1,61000.0,inactive
CHEMBL4062907,N#Cc1cnn2c(NC3CC3)cc(N3CCCC3)nc12,99000.0,inactive
CHEMBL4084572,N#Cc1cnn2c(NC3CC3)cc(N3CCC[C@@H]3C(=O)O)nc12,45000.0,inactive
CHEMBL4089921,N#Cc1cnn2c(NC3CC3)cc(N3CCC[C@H]3CC(=O)O)nc12,64000.0,inactive
CHEMBL4061857,N#Cc1cnn2c(Nc3ccc4c(c3)CCC(=O)N4)cc(N3CCC[C@H]3CC(=O)O)nc12,350.0,active
CHEMBL4077836,N#Cc1cnn2c(Nc3ccc4c(c3)CCC(=O)N4)cc(N3CCC[C@H]3CO)nc12,370.0,active
CHEMBL4102100,N#Cc1cnn2c(Nc3ccc4c(c3)CCC(=O)N4)cc(N3CCCC3)nc12,2900.0,intermediate
CHEMBL4066850,N#Cc1cnn2c3cc(nc12)N1C[C@H](C[C@H]1CC(=O)O)OC/C=C/COc1cc(cc2c1NC(=O)CC2)N3,1.7,active
CHEMBL4094351,N#Cc1cnn2c3cc(nc12)N1C[C@H](C[C@H]1CO)OC/C=C/COc1cc(cc2c1NC(=O)CC2)N3,2.9,active
CHEMBL4093431,N#Cc1cnn2c3cc(nc12)N1CC[C@@H](C1)OC/C=C/COc1cc(cc2c1NC(=O)CC2)N3,15.0,active
CHEMBL4072708,N#Cc1cnn2c3cc(nc12)N1CCC[C@@H]1CC(=O)NCCOc1cc(cc2c1NC(=O)CC2)N3,210.0,active
CHEMBL4085689,N#Cc1cnn2c3cc(nc12)N1CC[C@@H](C1)OCCCCOc1cc(cc2c1NC(=O)CC2)N3,24.0,active
CHEMBL4064121,N#Cc1cnn2c(Nc3ccccc3)cc(N3CCCC3)nc12,100000.0,inactive
CHEMBL4089079,N#Cc1cnn2c(Nc3ccccc3)cc(N3CCC[C@H]3CO)nc12,24000.0,inactive
CHEMBL4067867,N#Cc1cnn2c3cc(nc12)N1CC[C@@H](C1)OC/C=C/COc1cccc(c1)N3,2300.0,intermediate
CHEMBL4075855,N#Cc1cnn2c3cc(nc12)N1CC[C@H](OC/C=C/COc2cccc(c2)N3)[C@H]1CO,8200.0,intermediate
CHEMBL4085680,N#Cc1cnn2c3cc(nc12)N1C[C@H](C[C@@H]1CO)OC/C=C/COc1cccc(c1)N3,10000.0,inactive
CHEMBL4072699,N#Cc1cnn2c3cc(nc12)N1C[C@H](C[C@H]1CO)OC/C=C/COc1cccc(c1)N3,390.0,active
CHEMBL4093418,N#Cc1cnn2c3cc(nc12)N1C[C@H](C[C@H]1CO)OCCCCOc1cc(cc2c1NC(=O)CC2)N3,2.4,active
CHEMBL4083173,O=C1CCc2cc3cc(c2N1)OCCCCO[C@H]1C[C@@H](CO)N(C1)c1cc(n2nccc2n1)N3,55.0,active
CHEMBL4101172,O=C1CCc2cc3cc(c2N1)OCCCCO[C@H]1C[C@@H](CO)N(C1)c1cc(n2ncc(Cl)c2n1)N3,3.3,active
CHEMBL4090962,O=C1CCc2cc3cc(c2N1)OC/C=C/CO[C@H]1C[C@@H](CO)N(C1)c1cc(n2ncc(Cl)c2n1)N3,1.5,active
CHEMBL4063061,CN1C(=O)CCc2cc3cc(c21)OC/C=C/CO[C@H]1C[C@@H](CO)N(C1)c1cc(n2ncc(Cl)c2n1)N3,4.9,active
CHEMBL4078747,O=C1CCc2cc3cc(c2N1CC1CC1)OC/C=C/CO[C@H]1C[C@@H](CO)N(C1)c1cc(n2ncc(Cl)c2n1)N3,36.0,active
CHEMBL4096773,O=C1CCc2cc3cc(c2N1CC1CC(F)(F)C1)OC/C=C/CO[C@H]1C[C@@H](CO)N(C1)c1cc(n2ncc(Cl)c2n1)N3,5.0,active
CHEMBL4102754,O=C(O)C[C@@H]1C[C@H]2CN1c1cc(n3ncc(Cl)c3n1)Nc1cc3c(c(c1)OC/C=C/CO2)N(CC1CC(F)(F)C1)C(=O)CC3,16.0,active
CHEMBL4084806,O=C1CCc2cc3cc(c2N1CCCN1CCOCC1)OC/C=C/CO[C@H]1C[C@@H](CO)N(C1)c1cc(n2ncc(Cl)c2n1)N3,0.87,active
CHEMBL4064865,O=C1CCc2cc3cc(c2N1Cc1ccccc1)OC/C=C/CO[C@H]1C[C@@H](CO)N(C1)c1cc(n2ncc(Cl)c2n1)N3,11.0,active
CHEMBL4092565,COc1cccc(CN2C(=O)CCc3cc4cc(c32)OC/C=C/CO[C@H]2C[C@@H](CO)N(C2)c2cc(n3ncc(Cl)c3n2)N4)c1,12.0,active
CHEMBL4073463,COc1cccc(CN2C(=O)CCc3cc4cc(c32)OC/C=C/CO[C@H]2C[C@@H](CO)N(C2)c2cc(n3ncc(C#N)c3n2)N4)c1,11.0,active
CHEMBL4100303,Cc1ccccc1CN1C(=O)CCc2cc3cc(c21)OC/C=C/CO[C@H]1C[C@@H](CO)N(C1)c1cc(n2ncc(Cl)c2n1)N3,13.0,active
CHEMBL4083842,Cc1ccc(CN2C(=O)CCc3cc4cc(c32)OC/C=C/CO[C@H]2C[C@@H](CO)N(C2)c2cc(n3ncc(Cl)c3n2)N4)cc1,29.0,active
CHEMBL4062105,O=C1CCc2cc3cc(c2N1Cc1ccncc1)OC/C=C/CO[C@H]1C[C@@H](CO)N(C1)c1cc(n2ncc(Cl)c2n1)N3,9.9,active
CHEMBL4061302,O=C(O)CCN1C(=O)/C(=C2/C(=O)Nc3ccc(Cl)cc32)SC1=S,49000.0,inactive
CHEMBL4090962,O=C1CCc2cc3cc(c2N1)OC/C=C/CO[C@H]1C[C@@H](CO)N(C1)c1cc(n2ncc(Cl)c2n1)N3,4100.0,intermediate
CHEMBL4063061,CN1C(=O)CCc2cc3cc(c21)OC/C=C/CO[C@H]1C[C@@H](CO)N(C1)c1cc(n2ncc(Cl)c2n1)N3,6100.0,intermediate
CHEMBL4078747,O=C1CCc2cc3cc(c2N1CC1CC1)OC/C=C/CO[C@H]1C[C@@H](CO)N(C1)c1cc(n2ncc(Cl)c2n1)N3,5000.0,intermediate
CHEMBL4096773,O=C1CCc2cc3cc(c2N1CC1CC(F)(F)C1)OC/C=C/CO[C@H]1C[C@@H](CO)N(C1)c1cc(n2ncc(Cl)c2n1)N3,480.0,active
CHEMBL4102754,O=C(O)C[C@@H]1C[C@H]2CN1c1cc(n3ncc(Cl)c3n1)Nc1cc3c(c(c1)OC/C=C/CO2)N(CC1CC(F)(F)C1)C(=O)CC3,3200.0,intermediate
CHEMBL4084806,O=C1CCc2cc3cc(c2N1CCCN1CCOCC1)OC/C=C/CO[C@H]1C[C@@H](CO)N(C1)c1cc(n2ncc(Cl)c2n1)N3,1100.0,intermediate
CHEMBL4064865,O=C1CCc2cc3cc(c2N1Cc1ccccc1)OC/C=C/CO[C@H]1C[C@@H](CO)N(C1)c1cc(n2ncc(Cl)c2n1)N3,200.0,active
CHEMBL4092565,COc1cccc(CN2C(=O)CCc3cc4cc(c32)OC/C=C/CO[C@H]2C[C@@H](CO)N(C2)c2cc(n3ncc(Cl)c3n2)N4)c1,100.0,active
CHEMBL4073463,COc1cccc(CN2C(=O)CCc3cc4cc(c32)OC/C=C/CO[C@H]2C[C@@H](CO)N(C2)c2cc(n3ncc(C#N)c3n2)N4)c1,140.0,active
CHEMBL4100303,Cc1ccccc1CN1C(=O)CCc2cc3cc(c21)OC/C=C/CO[C@H]1C[C@@H](CO)N(C1)c1cc(n2ncc(Cl)c2n1)N3,87.0,active
CHEMBL4083842,Cc1ccc(CN2C(=O)CCc3cc4cc(c32)OC/C=C/CO[C@H]2C[C@@H](CO)N(C2)c2cc(n3ncc(Cl)c3n2)N4)cc1,830.0,active
CHEMBL4062105,O=C1CCc2cc3cc(c2N1Cc1ccncc1)OC/C=C/CO[C@H]1C[C@@H](CO)N(C1)c1cc(n2ncc(Cl)c2n1)N3,430.0,active
CHEMBL4061302,O=C(O)CCN1C(=O)/C(=C2/C(=O)Nc3ccc(Cl)cc32)SC1=S,30000.0,inactive
CHEMBL4090962,O=C1CCc2cc3cc(c2N1)OC/C=C/CO[C@H]1C[C@@H](CO)N(C1)c1cc(n2ncc(Cl)c2n1)N3,3981.07,intermediate
CHEMBL4063061,CN1C(=O)CCc2cc3cc(c21)OC/C=C/CO[C@H]1C[C@@H](CO)N(C1)c1cc(n2ncc(Cl)c2n1)N3,6309.57,intermediate
CHEMBL4078747,O=C1CCc2cc3cc(c2N1CC1CC1)OC/C=C/CO[C@H]1C[C@@H](CO)N(C1)c1cc(n2ncc(Cl)c2n1)N3,5011.87,intermediate
CHEMBL4096773,O=C1CCc2cc3cc(c2N1CC1CC(F)(F)C1)OC/C=C/CO[C@H]1C[C@@H](CO)N(C1)c1cc(n2ncc(Cl)c2n1)N3,501.19,active
CHEMBL4102754,O=C(O)C[C@@H]1C[C@H]2CN1c1cc(n3ncc(Cl)c3n1)Nc1cc3c(c(c1)OC/C=C/CO2)N(CC1CC(F)(F)C1)C(=O)CC3,3162.28,intermediate
CHEMBL4084806,O=C1CCc2cc3cc(c2N1CCCN1CCOCC1)OC/C=C/CO[C@H]1C[C@@H](CO)N(C1)c1cc(n2ncc(Cl)c2n1)N3,1258.93,intermediate
CHEMBL4064865,O=C1CCc2cc3cc(c2N1Cc1ccccc1)OC/C=C/CO[C@H]1C[C@@H](CO)N(C1)c1cc(n2ncc(Cl)c2n1)N3,199.53,active
CHEMBL4092565,COc1cccc(CN2C(=O)CCc3cc4cc(c32)OC/C=C/CO[C@H]2C[C@@H](CO)N(C2)c2cc(n3ncc(Cl)c3n2)N4)c1,100.0,active
CHEMBL4073463,COc1cccc(CN2C(=O)CCc3cc4cc(c32)OC/C=C/CO[C@H]2C[C@@H](CO)N(C2)c2cc(n3ncc(C#N)c3n2)N4)c1,125.89,active
CHEMBL4100303,Cc1ccccc1CN1C(=O)CCc2cc3cc(c21)OC/C=C/CO[C@H]1C[C@@H](CO)N(C1)c1cc(n2ncc(Cl)c2n1)N3,79.43,active
CHEMBL4083842,Cc1ccc(CN2C(=O)CCc3cc4cc(c32)OC/C=C/CO[C@H]2C[C@@H](CO)N(C2)c2cc(n3ncc(Cl)c3n2)N4)cc1,794.33,active
CHEMBL4062105,O=C1CCc2cc3cc(c2N1Cc1ccncc1)OC/C=C/CO[C@H]1C[C@@H](CO)N(C1)c1cc(n2ncc(Cl)c2n1)N3,398.11,active
CHEMBL4061302,O=C(O)CCN1C(=O)/C(=C2/C(=O)Nc3ccc(Cl)cc32)SC1=S,31622.78,inactive
CHEMBL4094351,N#Cc1cnn2c3cc(nc12)N1C[C@H](C[C@H]1CO)OC/C=C/COc1cc(cc2c1NC(=O)CC2)N3,1995.26,intermediate
CHEMBL4085689,N#Cc1cnn2c3cc(nc12)N1CC[C@@H](C1)OCCCCOc1cc(cc2c1NC(=O)CC2)N3,15848.93,inactive
CHEMBL4093418,N#Cc1cnn2c3cc(nc12)N1C[C@H](C[C@H]1CO)OCCCCOc1cc(cc2c1NC(=O)CC2)N3,6309.57,intermediate
CHEMBL4083173,O=C1CCc2cc3cc(c2N1)OCCCCO[C@H]1C[C@@H](CO)N(C1)c1cc(n2nccc2n1)N3,10000.0,inactive
CHEMBL4101172,O=C1CCc2cc3cc(c2N1)OCCCCO[C@H]1C[C@@H](CO)N(C1)c1cc(n2ncc(Cl)c2n1)N3,3981.07,intermediate
CHEMBL4061037,N#Cc1cnn2c(Nc3ccc4c(c3)CCC(=O)N4)cc(N3CCC[C@@H]3CO)nc12,590.0,active
CHEMBL4069658,O=C(O)CC(C(=O)O)N1C(=S)SC/C1=C1/C(=O)Nc2ccc(Br)cc21,212000.0,inactive
CHEMBL4077626,CC[C@H](C)[C@H](NC(=O)[C@H](CC(=O)O)NC(=O)[C@@H](NC(=O)[C@H](Cc1ccc(O)cc1)NC(=O)[C@H](Cc1c[nH]c2ccccc12)NC(=O)[C@H](CC(C)C)NC(C)=O)[C@@H](C)O)C(=O)N[C@@H](CCCNC(=N)N)C(=O)N[C@@H](CCSC)C(=O)N[C@@H](CO)C(=O)N[C@@H](Cc1c[nH]c2ccccc12)C(=O)N[C@@H](CCCNC(=N)N)C(=O)N[C@H](C(=O)N1CCC[C@H]1C(=O)O)C(C)C,1.0,active
CHEMBL4066375,O=C(O)CC(C(=O)O)N1C(=O)/C(=C2/C(=O)Nc3ccc(Br)cc32)SC1=S,212000.0,inactive
CHEMBL4077392,O=C1Cc2cc(Nc3nc(NCc4cccnc4)ncc3Cl)ccc2N1,8600.0,intermediate
CHEMBL4077392,O=C1Cc2cc(Nc3nc(NCc4cccnc4)ncc3Cl)ccc2N1,480.0,active
CHEMBL4176136,O=C(O)CNC(=O)Cn1ccc2ccc(NC(=S)NCCc3c[nH]c4ccccc34)cc21,170000.0,inactive
CHEMBL4164855,COC(=O)Cn1cc(CN2CCN(C)CC2)c2ccc(NC(=S)NCCc3c[nH]c4ccccc34)cc21,80000.0,inactive
CHEMBL4172762,CC(C)NC(=O)Cn1cc(CN2CCN(C)CC2)c2ccc(NC(=S)NCCc3c[nH]c4ccccc34)cc21,142000.0,inactive
CHEMBL4169363,CN1CCN(Cc2cn(CC(=O)NCC(=O)O)c3cc(NC(=S)NCCc4c[nH]c5ccccc45)ccc23)CC1,112000.0,inactive
CHEMBL4165932,CN1CCN(Cc2cn(CC(=O)N3CCCCC3)c3cc(NC(=S)NCCc4c[nH]c5ccccc45)ccc23)CC1,34000.0,inactive
CHEMBL4163317,CN1CCN(Cc2cn(CC(=O)N3CCOCC3)c3cc(NC(=S)NCCc4c[nH]c5ccccc45)ccc23)CC1,27000.0,inactive
CHEMBL4171221,CC1CN(C(=O)Cn2cc(CN3CCN(C)CC3)c3ccc(NC(=S)NCCc4c[nH]c5ccccc45)cc32)CCO1,62000.0,inactive
CHEMBL4094351,N#Cc1cnn2c3cc(nc12)N1C[C@H](C[C@H]1CO)OC/C=C/COc1cc(cc2c1NC(=O)CC2)N3,2.9,active
CHEMBL4077836,N#Cc1cnn2c(Nc3ccc4c(c3)CCC(=O)N4)cc(N3CCC[C@H]3CO)nc12,370.0,active
CHEMBL4517433,CN1CCCCCOc2cc(cc3c2N(C)C(=O)CC3)Nc2cc1nc1c(C#N)cnn21,190.0,active
CHEMBL4448503,C[C@@H]1CCCCN(C)c2cc(n3ncc(C#N)c3n2)Nc2cc3c(c(c2)O1)N(C)C(=O)CC3,25.0,active
CHEMBL4542555,Cn1c(=O)n(C)c2cc(Nc3ccnc(Cl)c3C#N)ccc21,3400.0,intermediate
CHEMBL4525917,CCC(O)Cn1c(=O)n(C)c2ccc(Nc3ccnc(Cl)c3C#N)cc21,5400.0,intermediate
CHEMBL4555389,CCC(C#N)Cn1c(=O)n(C)c2ccc(Nc3ccnc(Cl)c3C#N)cc21,3400.0,intermediate
CHEMBL4550911,CC[C@H](O)Cn1c(=O)n(C)c2ccc(Nc3ccnc(Cl)c3C#N)cc21,4600.0,intermediate
CHEMBL4437454,CC[C@@H](O)Cn1c(=O)n(C)c2ccc(Nc3ccnc(Cl)c3C#N)cc21,4500.0,intermediate
CHEMBL4473868,CCCCn1c(=O)n(C)c2ccc(Nc3ccnc(Cl)c3C#N)cc21,6600.0,intermediate
CHEMBL4550751,C[C@@H](O)CCn1c(=O)n(C)c2ccc(Nc3ccnc(Cl)c3C#N)cc21,1700.0,intermediate
CHEMBL4521627,C[C@H](O)CCn1c(=O)n(C)c2ccc(Nc3ccnc(Cl)c3C#N)cc21,3900.0,intermediate
CHEMBL4572689,Cn1c(=O)n(CCC(C)(C)O)c2cc(Nc3ccnc(Cl)c3C#N)ccc21,860.0,active
CHEMBL4576646,Cn1c(=O)n(CCC(C)(C)O)c2cc(Nc3ccnc(Cl)c3Cl)ccc21,1400.0,intermediate
CHEMBL4451202,Cn1c(=O)n(CCC(C)(C)O)c2cc(Nc3ccncc3Cl)ccc21,990.0,active
CHEMBL4554124,Cn1c(=O)n(CCC(C)(C)O)c2cc(Nc3ncnc(Cl)c3C#N)ccc21,2500.0,intermediate
CHEMBL4456923,Cn1c(=O)n(CCC(C)(C)O)c2cc(Nc3ncnc(Cl)c3Cl)ccc21,2100.0,intermediate
CHEMBL4556362,Cn1c(=O)n(CCC(C)(C)O)c2cc(Nc3c(Cl)cncc3Cl)ccc21,37000.0,inactive
CHEMBL4483413,CSc1ncc(Cl)c(Nc2ccc3c(c2)n(CCC(C)(C)O)c(=O)n3C)n1,680.0,active
CHEMBL4556514,Cn1c(=O)n(CCC(C)(C)O)c2cc(Nc3nc(Cl)ncc3Cl)ccc21,1900.0,intermediate
CHEMBL4531272,CN(C)c1ncc(Cl)c(Nc2ccc3c(c2)n(CCC(C)(C)O)c(=O)n3C)n1,1200.0,intermediate
CHEMBL4463841,Cn1c(=O)n(CCC(C)(C)O)c2cc(Nc3nc(N4CCOCC4)ncc3Cl)ccc21,270.0,active
CHEMBL4469177,Cn1c(=O)n(CCC(C)(C)O)c2cc(Nc3nc(N4CCCCC4)ncc3Cl)ccc21,1000.0,active
CHEMBL4457356,Cc1nc(C)c(-c2ncc(Cl)c(Nc3ccc4c(c3)n(CCC(C)(C)O)c(=O)n4C)n2)s1,1400.0,intermediate
CHEMBL4475529,Cn1ccnc1-c1ncc(Cl)c(Nc2ccc3c(c2)n(CCC(C)(C)O)c(=O)n3C)n1,480.0,active
CHEMBL4548894,Cn1c(=O)n(CCC(C)(C)O)c2cc(Nc3nc(-n4cccn4)ncc3Cl)ccc21,710.0,active
CHEMBL4583696,Cc1ccn(-c2ncc(Cl)c(Nc3ccc4c(c3)n(CCC(C)(C)O)c(=O)n4C)n2)n1,400.0,active
CHEMBL4450499,Cc1ccnn1-c1ncc(Cl)c(Nc2ccc3c(c2)n(CCC(C)(C)O)c(=O)n3C)n1,430.0,active
CHEMBL4451702,Cc1cc(C)n(-c2ncc(Cl)c(Nc3ccc4c(c3)n(CCC(C)(C)O)c(=O)n4C)n2)n1,260.0,active
CHEMBL4459012,CC1CCCN(c2ncc(Cl)c(Nc3ccc4c(c3)n(CCC(C)(C)O)c(=O)n4C)n2)C1,640.0,active
CHEMBL4547183,C[C@@H]1C[C@H](C)CN(c2ncc(Cl)c(Nc3ccc4c(c3)n(CCC(C)(C)O)c(=O)n4C)n2)C1,760.0,active
CHEMBL4476234,C[C@@H]1CN(c2ncc(Cl)c(Nc3ccc4c(c3)n(CCC(C)(C)O)c(=O)n4C)n2)C[C@H](C)O1,150.0,active
CHEMBL4574515,Cn1c(=O)n(CCC(C)(C)O)c2cc(Nc3nc(N4CC(C)(C)OC(C)(C)C4)ncc3Cl)ccc21,97.0,active
CHEMBL4458261,C[C@@H]1CN(c2ncc(Cl)c(Nc3ccc4c(c3)n(CCC(C)(C)O)c(=O)n4C)n2)C[C@H](C)N1C,190.0,active
CHEMBL4467613,Cc1cc(C)n(-c2cc(Nc3ccc4c(c3)n(CCC(C)(C)O)c(=O)n4C)c(Cl)cn2)n1,790.0,active
CHEMBL4560573,C[C@@H]1C[C@H](C)CN(c2cc(Nc3ccc4c(c3)n(CCC(C)(C)O)c(=O)n4C)c(Cl)cn2)C1,3500.0,intermediate
CHEMBL4475438,C[C@@H]1CN(c2cc(Nc3ccc4c(c3)n(CCC(C)(C)O)c(=O)n4C)c(Cl)cn2)C[C@H](C)O1,930.0,active
CHEMBL4482923,Cn1c(=O)n(CCC(C)(C)O)c2cc(Nc3nc(N4CCCC(C(F)(F)F)C4)ncc3Cl)ccc21,400.0,active
CHEMBL4587209,Cn1c(=O)n(CCC(C)(C)O)c2cc(Nc3nc(N4CCC(F)(F)CC4)ncc3Cl)ccc21,310.0,active
CHEMBL4439574,CC1CN(c2ncc(Cl)c(Nc3ccc4c(c3)n(CCC(C)(C)O)c(=O)n4C)n2)CCC1(F)F,330.0,active
CHEMBL4465387,Cn1c(=O)n(CCC(C)(C)O)c2cc(Nc3nc(N4CCCC(CO)C4)ncc3Cl)ccc21,130.0,active
CHEMBL4559074,Cn1c(=O)n(CCC(C)(C)O)c2cc(Nc3nc(N4CCC(F)(F)C(CO)C4)ncc3Cl)ccc21,86.0,active
CHEMBL4573672,COCC1CN(c2ncc(Cl)c(Nc3ccc4c(c3)n(CCC(C)(C)O)c(=O)n4C)n2)CCC1(F)F,200.0,active
CHEMBL4466680,Cn1c(=O)n(CCC(C)(C)O)c2cc(Nc3nc(N4CCCC(C#N)C4)ncc3Cl)ccc21,390.0,active
CHEMBL4457011,Cn1c(=O)n(CCC(C)(C)O)c2cc(Nc3nc(N4CCC(C(F)(F)F)CC4)ncc3Cl)ccc21,960.0,active
CHEMBL4525209,Cn1c(=O)n(CCC(C)(C)O)c2cc(Nc3nc(N4CC5CCC(C4)C5(F)F)ncc3Cl)ccc21,710.0,active
CHEMBL4524719,Cn1c(=O)n(CCC(C)(C)O)c2cc(Nc3nc(N4C5CCC4CC(F)(F)C5)ncc3Cl)ccc21,230.0,active
CHEMBL4445645,C[C@@H]1CN(c2ncc(Cl)c(Nc3ccc4c(c3)n(CCC(C)(C)O)c(=O)n4C)n2)C[C@H](C)C1(F)F,520.0,active
CHEMBL1727323,N#Cc1c(NCc2ccccc2)ccnc1Cl,120000.0,inactive
CHEMBL4464160,N#Cc1c(NCC2CC2)ccnc1Cl,207000.0,inactive
CHEMBL4581204,Cn1c(=O)n(C)c2cc(Nc3cc(SCc4ccccc4)ncn3)ccc21,70000.0,inactive
CHEMBL4471490,Cn1c(=O)n(C)c2cc(Nc3ncccc3C#N)ccc21,86000.0,inactive
CHEMBL4542555,Cn1c(=O)n(C)c2cc(Nc3ccnc(Cl)c3C#N)ccc21,10500.0,inactive
CHEMBL4467182,CCNc1ncc(F)c(Nc2ccc(OC)c(Cl)c2)n1,4960.0,intermediate
CHEMBL4517316,COc1ccc(Nc2nc(NC(C)C)ncc2F)cc1Cl,4830.0,intermediate
CHEMBL4541870,CCCCNc1ncc(F)c(Nc2ccc(OC)c(Cl)c2)n1,10000.0,inactive
CHEMBL4563158,COc1ccc(Nc2nc(N(CC(C)C)CC(C)C)ncc2F)cc1Cl,10000.0,inactive
CHEMBL4445929,COc1ccc(Nc2nc(NCCO)ncc2F)cc1Cl,2440.0,intermediate
CHEMBL4530646,COc1ccc(Nc2nc(NCCCO)ncc2F)cc1Cl,860.0,active
CHEMBL4457848,COc1ccc(Nc2nc(NCCCCO)ncc2F)cc1Cl,2040.0,intermediate
CHEMBL4446667,COc1ccc(Nc2nc(N3C[C@@H](C)N[C@@H](C)C3)ncc2F)cc1Cl,770.0,active
CHEMBL4581761,COc1ccc(Nc2nc(N3C[C@H](C)C[C@H](C)C3)ncc2F)cc1Cl,10000.0,inactive
CHEMBL4527835,COc1ccc(Nc2nc(N3CCNCC3)ncc2F)cc1Cl,980.0,active
CHEMBL4455931,COc1ccc(Nc2nc(N3CCN(C)CC3)ncc2F)cc1Cl,1120.0,intermediate
CHEMBL4591447,COc1ccc(Nc2nc(N3CCOCC3)ncc2F)cc1Cl,2590.0,intermediate
CHEMBL4445208,COc1ccc(Nc2nc(NC3CCN(C)CC3)ncc2F)cc1Cl,890.0,active
CHEMBL4475582,COc1ccc(Nc2nc(NC3CCCCC3)ncc2F)cc1Cl,7410.0,intermediate
CHEMBL4544156,COc1ccc(Nc2nc(N3C[C@@H](C)N[C@@H](C)C3)ncc2F)cc1NC(=O)c1ccc(Br)s1,20000.0,inactive
CHEMBL4457112,COc1ccc(Nc2nc(N3C[C@@H](C)N[C@@H](C)C3)ncc2F)cc1NC(=O)c1ccc(Br)o1,20000.0,inactive
CHEMBL4539155,COc1ccc(Nc2nc(N3C[C@@H](C)N[C@@H](C)C3)ncc2F)cc1NC(=O)c1cccc(Br)c1,7720.0,intermediate
CHEMBL4449540,COc1ccc(Nc2nc(N3C[C@@H](C)N[C@@H](C)C3)ncc2F)cc1NC(=O)c1ccccn1,9560.0,intermediate
CHEMBL4462433,COc1ccc(Nc2nc(N3C[C@@H](C)N[C@@H](C)C3)ncc2F)cc1NC(=O)c1cccc(F)n1,14900.0,inactive
CHEMBL4544360,COc1ccc(Nc2nc(N3C[C@@H](C)N[C@@H](C)C3)ncc2F)cc1NC(=O)c1cccc(Br)n1,17300.0,inactive
CHEMBL4469454,COc1cc(Nc2nc(N3C[C@@H](C)N[C@@H](C)C3)ncc2F)ccc1NC(=O)c1cccc(Br)c1,1850.0,intermediate
CHEMBL4550100,COc1cc(Nc2nc(N3C[C@@H](C)N[C@@H](C)C3)ncc2F)ccc1NC(=O)c1ccc(Br)o1,10000.0,inactive
CHEMBL4453925,COc1cc(Nc2nc(N3C[C@@H](C)N[C@@H](C)C3)ncc2F)ccc1NC(=O)c1cccc(Br)n1,3440.0,intermediate
CHEMBL4567528,COc1cc(Nc2nc(N3C[C@@H](C)N[C@@H](C)C3)ncc2F)ccc1NC(=O)c1ccc(Br)s1,10000.0,inactive
CHEMBL4563987,COc1cc(Nc2nc(N3C[C@@H](C)N[C@@H](C)C3)ncc2F)ccc1NC(=O)c1cc2ccccc2s1,4850.0,intermediate
CHEMBL4461614,COc1cc(Nc2nc(N3C[C@@H](C)N[C@@H](C)C3)ncc2F)ccc1NC(=O)c1ccc(-c2ccccc2)s1,4220.0,intermediate
CHEMBL4457069,COc1cc(Nc2nc(N3C[C@@H](C)N[C@@H](C)C3)ncc2F)ccc1NC(=O)c1ccc(-c2ccccc2Cl)s1,1040.0,intermediate
CHEMBL4475152,COc1cc(Nc2nc(N3C[C@@H](C)N[C@@H](C)C3)ncc2F)ccc1NC(=O)c1ccc(-c2ccccc2OC)s1,2460.0,intermediate
CHEMBL4541354,COc1cc(Nc2nc(N3C[C@@H](C)N[C@@H](C)C3)ncc2F)ccc1NC(=O)c1ccc(-c2ccccc2C)s1,1730.0,intermediate
CHEMBL4538610,COc1cc(Nc2nc(N3C[C@@H](C)N[C@@H](C)C3)ncc2F)ccc1NC(=O)c1ccc(C2=CCCC2)s1,470.0,active
CHEMBL4513450,COc1cc(Nc2nc(N3C[C@@H](C)N[C@@H](C)C3)ncc2F)ccc1NC(=O)c1ccc(C2=CCCCC2)s1,1850.0,intermediate
CHEMBL4456817,COc1cc(Nc2nc(N3C[C@@H](C)N[C@@H](C)C3)ncc2F)ccc1NC(=O)c1ccc(-c2ccoc2)s1,520.0,active
CHEMBL4640734,O=C1Cc2cc(Nc3nc(NCc4cccc(S(=O)(=O)F)c4)ncc3Cl)ccc2N1,251.0,active
CHEMBL4077392,O=C1Cc2cc(Nc3nc(NCc4cccnc4)ncc3Cl)ccc2N1,2699.0,intermediate
CHEMBL4646073,CNC(=O)COc1cc2cc(Nc3nc(NCc4cccc(S(=O)(=O)F)c4)ncc3Cl)cc(OC)c2n(C)c1=O,152.0,active
CHEMBL4644523,CNC(=O)COc1cc2cc(Nc3nc(NCc4cccc(S(C)(=O)=O)c4)ncc3Cl)cc(OC)c2n(C)c1=O,368.0,active
CHEMBL4755229,CNC(=O)COc1cc2cc(Nc3nc(N4CCC(C(=O)N(C)C)CC4)ncc3Cl)cc(OC)c2n(C)c1=O,3.0,active
CHEMBL4795171,CNC(=O)COc1cc2cc(Nc3nc(N4C[C@H](C)C[C@H](C)C4)ncc3Cl)cc(OC)c2n(C)c1=O,3.0,active
CHEMBL4751268,Cc1cc(C)n(-c2ncc(Cl)c(Nc3ccc(Cl)cc3)n2)n1,18000.0,inactive
CHEMBL4075278,O=C1CCc2cc(Nc3cc(OC4CCOCC4)c([N+](=O)[O-])cc3Cl)ccc2N1,100.0,active
CHEMBL4075278,O=C1CCc2cc(Nc3cc(OC4CCOCC4)c([N+](=O)[O-])cc3Cl)ccc2N1,720.0,active
CHEMBL4063249,N#Cc1ccc(Nc2ccc3[nH]c(=O)[nH]c3c2)c(Cl)c1,110.0,active
CHEMBL5084602,Cn1c(=O)ccc2cc(Nc3ccnc(Cl)c3C#N)ccc21,2720.0,intermediate
CHEMBL5081011,CN(C)c1cc(=O)[nH]c2ccc(Nc3ccnc(Cl)c3C#N)cc12,5570.0,intermediate
CHEMBL5090262,N#Cc1c(Nc2ccc3[nH]c(=O)cc(N4CCCCC4)c3c2)ccnc1Cl,1180.0,intermediate
CHEMBL5090408,CN1CCN(c2cc(=O)[nH]c3ccc(Nc4ccnc(Cl)c4C#N)cc23)CC1,2640.0,intermediate
CHEMBL5080184,N#Cc1c(Nc2ccc3[nH]c(=O)cc(N4CCOCC4)c3c2)ccnc1Cl,2130.0,intermediate
CHEMBL5080619,Cn1cc(-c2cc(=O)[nH]c3ccc(Nc4ccnc(Cl)c4C#N)cc23)cn1,1820.0,intermediate
CHEMBL5079963,CCNc1cc(=O)[nH]c2ccc(Nc3ccnc(Cl)c3C#N)cc12,1310.0,intermediate
CHEMBL5081404,CCNc1cc(=O)n(C)c2ccc(Nc3cc(C(=O)O)nc(Cl)c3C#N)cc12,900.0,active
CHEMBL5088786,CCCNc1cc(=O)n(C)c2ccc(Nc3cc(C(=O)O)nc(Cl)c3C#N)cc12,1510.0,intermediate
CHEMBL5081380,Cn1c(=O)cc(NCCF)c2cc(Nc3cc(C(=O)O)nc(Cl)c3C#N)ccc21,880.0,active
CHEMBL5075643,Cn1c(=O)cc(NCC2CC2)c2cc(Nc3cc(C(=O)O)nc(Cl)c3C#N)ccc21,350.0,active
CHEMBL5079024,CNC(=O)C(C)Nc1cc(=O)[nH]c2ccc(Nc3ccnc(Cl)c3C#N)cc12,550.0,active
CHEMBL5080836,CNC(=O)[C@@H](C)Nc1cc(=O)[nH]c2ccc(Nc3ccnc(Cl)c3C#N)cc12,250.0,active
CHEMBL5075468,CNC(=O)[C@H](C)Nc1cc(=O)[nH]c2ccc(Nc3ccnc(Cl)c3C#N)cc12,2670.0,intermediate
CHEMBL5076223,CNC(=O)C(Nc1cc(=O)[nH]c2ccc(Nc3ccnc(Cl)c3C#N)cc12)C1CC1,1080.0,intermediate
CHEMBL5080163,CNC(=O)CNc1cc(=O)[nH]c2ccc(Nc3ccnc(Cl)c3C#N)cc12,23800.0,inactive
CHEMBL5089812,CNC(=O)C(C)Nc1cc(=O)n(C)c2ccc(Nc3ccnc(Cl)c3C#N)cc12,790.0,active
CHEMBL5081914,CC(Nc1cc(=O)n(C)c2ccc(Nc3ccnc(Cl)c3C#N)cc12)c1ncco1,1050.0,intermediate
CHEMBL5077701,Cc1nnc(C(C)Nc2cc(=O)n(C)c3ccc(Nc4ccnc(Cl)c4C#N)cc23)o1,870.0,active
CHEMBL5089504,CC(Nc1cc(=O)n(C)c2ccc(Nc3ccnc(Cl)c3C#N)cc12)c1ncn(C)n1,200.0,active
CHEMBL5083898,CC(Nc1cc(=O)n(C)c2ccc(Nc3ccnc(Cl)c3C#N)cc12)c1ncccn1,140.0,active
CHEMBL5084306,C[C@@H](Nc1cc(=O)n(C)c2ccc(Nc3ccnc(Cl)c3C#N)cc12)c1ncccn1,82.0,active
CHEMBL5078380,CC(Nc1cc(=O)n(CC2CC2)c2ccc(Nc3ccnc(Cl)c3C#N)cc12)c1ncccn1,420.0,active
CHEMBL5087272,CC(Nc1cc(=O)n(CC2CCC2)c2ccc(Nc3ccnc(Cl)c3C#N)cc12)c1ncccn1,320.0,active
CHEMBL5073907,Cc1cnc(C(C)Nc2cc(=O)n(C)c3ccc(Nc4ccnc(Cl)c4C#N)cc23)nc1,73.0,active
CHEMBL5089360,CC(Nc1cc(=O)n(C)c2ccc(Nc3ccnc(Cl)c3C#N)cc12)c1ncc(C2CC2)cn1,54.0,active
CHEMBL5081226,Cn1c(=O)cc(NC(C)(C)c2ncccn2)c2cc(Nc3ccnc(Cl)c3C#N)ccc21,46.0,active
CHEMBL5081944,Cn1c(=O)cc(NC(C)(C)c2ncc(C3CC3)cn2)c2cc(Nc3ccnc(Cl)c3C#N)ccc21,26.0,active
CHEMBL5081944,Cn1c(=O)cc(NC(C)(C)c2ncc(C3CC3)cn2)c2cc(Nc3ccnc(Cl)c3C#N)ccc21,26.3,active
CHEMBL5083898,CC(Nc1cc(=O)n(C)c2ccc(Nc3ccnc(Cl)c3C#N)cc12)c1ncccn1,1210.0,intermediate
CHEMBL5078380,CC(Nc1cc(=O)n(CC2CC2)c2ccc(Nc3ccnc(Cl)c3C#N)cc12)c1ncccn1,4780.0,intermediate
CHEMBL5087272,CC(Nc1cc(=O)n(CC2CCC2)c2ccc(Nc3ccnc(Cl)c3C#N)cc12)c1ncccn1,2100.0,intermediate
CHEMBL5073907,Cc1cnc(C(C)Nc2cc(=O)n(C)c3ccc(Nc4ccnc(Cl)c4C#N)cc23)nc1,1080.0,intermediate
CHEMBL5089360,CC(Nc1cc(=O)n(C)c2ccc(Nc3ccnc(Cl)c3C#N)cc12)c1ncc(C2CC2)cn1,1120.0,active
CHEMBL5081226,Cn1c(=O)cc(NC(C)(C)c2ncccn2)c2cc(Nc3ccnc(Cl)c3C#N)ccc21,470.0,active
CHEMBL5081944,Cn1c(=O)cc(NC(C)(C)c2ncc(C3CC3)cn2)c2cc(Nc3ccnc(Cl)c3C#N)ccc21,570.0,active
CHEMBL5081944,Cn1c(=O)cc(NC(C)(C)c2ncc(C3CC3)cn2)c2cc(Nc3ccnc(Cl)c3C#N)ccc21,3.0,active
CHEMBL4755229,CNC(=O)COc1cc2cc(Nc3nc(N4CCC(C(=O)N(C)C)CC4)ncc3Cl)cc(OC)c2n(C)c1=O,30.0,active
CHEMBL4445645,C[C@@H]1CN(c2ncc(Cl)c(Nc3ccc4c(c3)n(CCC(C)(C)O)c(=O)n4C)n2)C[C@H](C)C1(F)F,520.0,active
CHEMBL5090218,C[C@@H]1CN(c2nccc(Nc3ccc4c(c3)n(CCC(C)(C)O)c(=O)n4C)n2)C[C@H](C)C1(F)F,21.0,active
CHEMBL5173162,Cn1c(=O)c2c(c3cc(Nc4ccnc(Cl)c4C#N)ccc31)N[C@@H](C1CC1)CCO2,210.0,intermediate
CHEMBL5201812,CCC1CCOc2c(c3cc(Nc4ccnc(Cl)c4C#N)ccc3n(C)c2=O)N1,5900.0,active
CHEMBL5203649,Cn1c(=O)c2c(c3cc(Nc4ccnc(Cl)c4C#N)ccc31)NC(C1CC1)CCO2,670.0,intermediate
CHEMBL5207801,C[C@@H]1CCOc2c(c3cc(Nc4ccnc(Cl)c4C#N)ccc3n(C)c2=O)N1,5500.0,intermediate
CHEMBL5178675,C[C@H]1CCOc2c(c3cc(Nc4ccnc(Cl)c4C#N)ccc3n(C)c2=O)N1,2100.0,inactive
CHEMBL5199127,C[C@H]1COC(=O)c2c(c3cc(Nc4ccnc(Cl)c4C#N)ccc3n(C)c2=O)N1,10000.0,active
CHEMBL5081944,Cn1c(=O)cc(NC(C)(C)c2ncc(C3CC3)cn2)c2cc(Nc3ccnc(Cl)c3C#N)ccc21,570.0,intermediate
CHEMBL5173975,Cn1c(=O)c2c(c3cc(Nc4ccnc(Cl)c4C#N)ccc31)N[C@H](C1CC1)CCO2,3900.0,intermediate
CHEMBL5187360,C[C@H]1C[C@H](C)Oc2c(c3cc(Nc4ccnc(Cl)c4C#N)ccc3n(C)c2=O)N1,2700.0,intermediate
CHEMBL5186909,CC1Nc2c(c(=O)n(C)c3ccc(Nc4ccnc(Cl)c4C#N)cc23)OCC1(C)C,6300.0,intermediate
CHEMBL5182117,CC1Nc2c(c(=O)n(C)c3ccc(Nc4ccnc(Cl)c4C#N)cc23)OCC12CC2,9900.0,active
CHEMBL5184251,Cn1c(=O)c2c(c3cc(Nc4ccnc(Cl)c4C#N)ccc31)N[C@@H](C1CC1)C(F)(F)CO2,12.0,intermediate
CHEMBL5198634,CCNc1c(C)c(=O)n(C)c2ccc(Nc3ccnc(Cl)c3C#N)cc12,5600.0,active
CHEMBL5081944,Cn1c(=O)cc(NC(C)(C)c2ncc(C3CC3)cn2)c2cc(Nc3ccnc(Cl)c3C#N)ccc21,26.0,intermediate
CHEMBL5197204,N#Cc1c(Nc2ccc3[nH]c(=O)c4c(c3c2)NCCC4)ccnc1Cl,6100.0,intermediate
CHEMBL5079963,CCNc1cc(=O)[nH]c2ccc(Nc3ccnc(Cl)c3C#N)cc12,1300.0,active
CHEMBL5171937,Cn1c(=O)c2c(c3cc(Nc4ccnc(Cl)c4C#N)ccc31)N[C@H](C1CC1)C(F)(F)CO2,490.0,active
CHEMBL5184251,Cn1c(=O)c2c(c3cc(Nc4ccnc(Cl)c4C#N)ccc31)N[C@@H](C1CC1)C(F)(F)CO2,3.9,intermediate
CHEMBL5182117,CC1Nc2c(c(=O)n(C)c3ccc(Nc4ccnc(Cl)c4C#N)cc23)OCC12CC2,1600.0,active
CHEMBL5186909,CC1Nc2c(c(=O)n(C)c3ccc(Nc4ccnc(Cl)c4C#N)cc23)OCC1(C)C,1000.0,inactive
CHEMBL5186317,CC1CC(C)(C)Oc2c(c3cc(Nc4ccnc(Cl)c4C#N)ccc3n(C)c2=O)N1,12000.0,active
CHEMBL5187360,C[C@H]1C[C@H](C)Oc2c(c3cc(Nc4ccnc(Cl)c4C#N)ccc3n(C)c2=O)N1,480.0,intermediate
CHEMBL5173975,Cn1c(=O)c2c(c3cc(Nc4ccnc(Cl)c4C#N)ccc31)N[C@H](C1CC1)CCO2,1100.0,active
CHEMBL5173162,Cn1c(=O)c2c(c3cc(Nc4ccnc(Cl)c4C#N)ccc31)N[C@@H](C1CC1)CCO2,39.0,intermediate
CHEMBL5177733,Cn1c(=O)c2c(c3cc(Nc4ccnc(Cl)c4C#N)ccc31)NC(C(F)F)CCO2,2000.0,intermediate
CHEMBL5185841,CC(C)C1CCOc2c(c3cc(Nc4ccnc(Cl)c4C#N)ccc3n(C)c2=O)N1,3100.0,intermediate
CHEMBL5182834,Cn1c(=O)c2c(c3cc(Nc4ccnc(Cl)c4C#N)ccc31)NC(C1CCC1)CCO2,4300.0,active
CHEMBL5201812,CCC1CCOc2c(c3cc(Nc4ccnc(Cl)c4C#N)ccc3n(C)c2=O)N1,610.0,active
CHEMBL5203649,Cn1c(=O)c2c(c3cc(Nc4ccnc(Cl)c4C#N)ccc31)NC(C1CC1)CCO2,78.0,inactive
CHEMBL5198681,Cn1c(=O)c2c(c3cc(Nc4ccnc(Cl)c4C#N)ccc31)NCCCO2,19000.0,intermediate
CHEMBL5207801,C[C@@H]1CCOc2c(c3cc(Nc4ccnc(Cl)c4C#N)ccc3n(C)c2=O)N1,1100.0,active
CHEMBL5178675,C[C@H]1CCOc2c(c3cc(Nc4ccnc(Cl)c4C#N)ccc3n(C)c2=O)N1,130.0,intermediate
CHEMBL5183596,C[C@H]1COCc2c(c3cc(Nc4ccnc(Cl)c4C#N)ccc3n(C)c2=O)N1,2200.0,active
CHEMBL5199127,C[C@H]1COC(=O)c2c(c3cc(Nc4ccnc(Cl)c4C#N)ccc3n(C)c2=O)N1,94.0,intermediate
CHEMBL5187292,CC1COc2c(c3cc(Nc4ccnc(Cl)c4C#N)ccc3n(C)c2=O)N1,1300.0,intermediate
CHEMBL5179621,CC1CCc2c(c3cc(Nc4ccnc(Cl)c4C#N)ccc3n(C)c2=O)N1,2100.0,active
CHEMBL4077392,O=C1Cc2cc(Nc3nc(NCc4cccnc4)ncc3Cl)ccc2N1,480.0,intermediate
CHEMBL4077392,O=C1Cc2cc(Nc3nc(NCc4cccnc4)ncc3Cl)ccc2N1,8600.0,active
CHEMBL4755229,CNC(=O)COc1cc2cc(Nc3nc(N4CCC(C(=O)N(C)C)CC4)ncc3Cl)cc(OC)c2n(C)c1=O,3.0,active
CHEMBL4640049,CNC(=O)COc1cc2cc(Nc3nc(N4C[C@H](C)C[C@H](C)C4)ncc3Cl)ccc2n(C)c1=O,3.0,active
CHEMBL5178494,Cc1ncccc1[C@H]1C[C@@H](c2cccc3nc(N)ccc23)Nc2c(F)cnn21,10.0,active
CHEMBL5178494,Cc1ncccc1[C@H]1C[C@@H](c2cccc3nc(N)ccc23)Nc2c(F)cnn21,25.12,active
CHEMBL5178494,Cc1ncccc1[C@H]1C[C@@H](c2cccc3nc(N)ccc23)Nc2c(F)cnn21,25.12,inactive
CHEMBL1721570,Nc1ncnc(Nc2ccccc2Cl)n1,830000.0,active
CHEMBL5184651,CN1CCN2c3nc(F)c(Cl)c(n3)Nc3cc4c(c(c3)OCCOC[C@H]2C1)N(C)C(=O)CC4,8.9,active
CHEMBL5207356,CN1C(=O)CCc2cc3cc(c21)OCCOC[C@H]1CN(C(=O)CCC(=O)NCCCOCCOCCOc2cccc4c2C(=O)N(C2CCC(=O)NC2=O)C4=O)CCN1c1ncc(Cl)c(n1)N3,120.0,active
CHEMBL5205212,CC(=O)N[C@@H]1C[C@H](C)CN(c2ncc(Cl)c(Nc3ccc4c(c3)c3c(c(=O)n4C)OCC(F)(F)[C@H](C4CC4)N3)n2)C1,3.6,active
CHEMBL5203177,Cn1c(=O)c2c(c3cc(Nc4nc(N5CCC(F)(F)[C@H](CO)C5)ncc4Cl)ccc31)N[C@@H](C1CC1)C(F)(F)CO2,4.1,active
CHEMBL5204505,Cn1c(=O)c2c(c3cc(Nc4nc(N5CCC(F)(F)[C@@H](CO)C5)ncc4Cl)ccc31)N[C@@H](C1CC1)C(F)(F)CO2,1.5,active
CHEMBL5174171,Cn1c(=O)c2c(c3cc(Nc4nc(N5CCC(F)(F)[C@H](O)C5)ncc4Cl)ccc31)N[C@@H](C1CC1)C(F)(F)CO2,4.6,active
CHEMBL5208698,Cn1c(=O)c2c(c3cc(Nc4nc(N5CCC(F)(F)[C@@H](O)C5)ncc4Cl)ccc31)N[C@@H](C1CC1)C(F)(F)CO2,3.5,active
CHEMBL5200057,C[C@H]1C[C@@H](O)CN(c2ncc(Cl)c(Nc3ccc4c(c3)n(CCC(C)(C)O)c(=O)n4C)n2)C1,95.0,active
CHEMBL4559074,Cn1c(=O)n(CCC(C)(C)O)c2cc(Nc3nc(N4CCC(F)(F)C(CO)C4)ncc3Cl)ccc21,86.0,active
CHEMBL5187061,Cn1c(=O)n(CCC(C)(C)O)c2cc(Nc3nc(N4CCC(F)(F)C(O)C4)ncc3Cl)ccc21,238.0,active
CHEMBL4445645,C[C@@H]1CN(c2ncc(Cl)c(Nc3ccc4c(c3)n(CCC(C)(C)O)c(=O)n4C)n2)C[C@H](C)C1(F)F,523.0,active
CHEMBL5194697,CC(=O)N[C@H]1C[C@@H](C)CN(c2ncc(Cl)c(Nc3ccc4c(c3)c3c(c(=O)n4C)OCC(F)(F)[C@H](C4CC4)N3)n2)C1,2.9,active
CHEMBL5193571,C[C@H]1C[C@@H](N(C)C)CN(c2ncc(Cl)c(Nc3ccc4c(c3)c3c(c(=O)n4C)OCC(F)(F)[C@H](C4CC4)N3)n2)C1,3.3,active
CHEMBL5205838,C[C@@H]1C[C@H](N(C)C)CN(c2ncc(Cl)c(Nc3ccc4c(c3)c3c(c(=O)n4C)OCC(F)(F)[C@H](C4CC4)N3)n2)C1,3.6,active
CHEMBL5205388,C[C@H]1C[C@@H](O)CN(c2ncc(Cl)c(Nc3ccc4c(c3)c3c(c(=O)n4C)OCC(F)(F)[C@H](C4CC4)N3)n2)C1,2.2,active
CHEMBL5196650,C[C@@H]1C[C@H](O)CN(c2ncc(Cl)c(Nc3ccc4c(c3)c3c(c(=O)n4C)OCC(F)(F)[C@H](C4CC4)N3)n2)C1,2.9,active
CHEMBL5180823,C[C@@H]1C[C@@H](O)CN(c2ncc(Cl)c(Nc3ccc4c(c3)c3c(c(=O)n4C)OCC(F)(F)[C@H](C4CC4)N3)n2)C1,9.9,active
CHEMBL5171631,C[C@H]1C[C@H](O)CN(c2ncc(Cl)c(Nc3ccc4c(c3)c3c(c(=O)n4C)OCC(F)(F)[C@H](C4CC4)N3)n2)C1,6.0,active
CHEMBL5181921,Cn1c(=O)c2c(c3cc(Nc4nc(N5CCC[C@@H](O)C5)ncc4Cl)ccc31)N[C@@H](C1CC1)C(F)(F)CO2,3.0,active
CHEMBL5171519,Cn1c(=O)c2c(c3cc(Nc4nc(N5CCC[C@H](O)C5)ncc4Cl)ccc31)N[C@@H](C1CC1)C(F)(F)CO2,2.5,active
CHEMBL5172641,C[C@H]1CCCN(c2ncc(Cl)c(Nc3ccc4c(c3)c3c(c(=O)n4C)OCC(F)(F)[C@H](C4CC4)N3)n2)C1,36.5,active
CHEMBL5172688,C[C@@H]1CCCN(c2ncc(Cl)c(Nc3ccc4c(c3)c3c(c(=O)n4C)OCC(F)(F)[C@H](C4CC4)N3)n2)C1,24.6,active
CHEMBL4075278,O=C1CCc2cc(Nc3cc(OC4CCOCC4)c([N+](=O)[O-])cc3Cl)ccc2N1,720.0,active
CHEMBL4075278,O=C1CCc2cc(Nc3cc(OC4CCOCC4)c([N+](=O)[O-])cc3Cl)ccc2N1,100.0,inactive
CHEMBL4063249,N#Cc1ccc(Nc2ccc3[nH]c(=O)[nH]c3c2)c(Cl)c1,110000.0,
,,,intermediate
